データ日付,終値,始値,高値,安値
"2016/01/04","18450.98","18818.58","18951.12","18394.43"
"2016/01/05","18374.00","18398.76","18547.38","18327.52"
"2016/01/06","18191.32","18410.57","18469.38","18064.30"
"2016/01/07","17767.34","18139.77","18172.04","17767.34"
"2016/01/08","17697.96","17562.23","17975.31","17509.64"
"2016/01/12","17218.96","17470.93","17546.57","17184.78"
"2016/01/13","17715.63","17449.12","17717.75","17414.55"
"2016/01/14","17240.95","17384.93","17393.83","16944.41"
"2016/01/15","17147.11","17522.46","17597.87","17057.60"
"2016/01/18","16955.57","16826.93","17037.26","16665.05"
"2016/01/19","17048.37","16902.29","17088.31","16812.65"
"2016/01/20","16416.19","17030.28","17031.32","16387.61"
"2016/01/21","16017.26","16466.86","16734.58","16017.26"
"2016/01/22","16958.53","16336.72","16993.96","16332.45"
"2016/01/25","17110.91","17145.81","17208.24","16922.21"
"2016/01/26","16708.90","16833.13","16839.52","16652.26"
"2016/01/27","17163.92","16949.19","17242.27","16947.95"
"2016/01/28","17041.45","17059.84","17235.44","16942.13"
"2016/01/29","17518.30","17155.06","17638.93","16767.09"
"2016/02/01","17865.23","17699.60","17905.37","17666.48"
"2016/02/02","17750.68","17716.52","17864.70","17684.66"
"2016/02/03","17191.25","17497.41","17515.68","17080.57"
"2016/02/04","17044.99","17071.11","17209.56","16941.88"
"2016/02/05","16819.59","16790.53","16893.12","16627.80"
"2016/02/08","17004.30","16620.91","17099.01","16552.30"
"2016/02/09","16085.44","16666.79","16668.70","16025.94"
"2016/02/10","15713.39","16127.86","16163.03","15429.99"
"2016/02/12","14952.61","15426.27","15437.22","14865.77"
"2016/02/15","16022.58","15248.38","16155.10","15243.88"
"2016/02/16","16054.43","15849.47","16341.56","15809.58"
"2016/02/17","15836.36","16035.35","16214.46","15632.12"
"2016/02/18","16196.80","16138.08","16337.59","16118.80"
"2016/02/19","15967.17","16050.40","16050.46","15799.35"
"2016/02/22","16111.05","15851.39","16187.40","15816.83"
"2016/02/23","16052.05","16230.38","16350.38","16001.19"
"2016/02/24","15915.79","15851.13","16006.45","15753.77"
"2016/02/25","16140.34","15983.47","16218.29","15953.93"
"2016/02/26","16188.41","16311.52","16472.50","16188.41"
"2016/02/29","16026.76","16313.31","16464.75","16026.76"
"2016/03/01","16085.51","16013.00","16099.42","15857.37"
"2016/03/02","16746.55","16391.48","16815.25","16388.92"
"2016/03/03","16960.16","16695.78","16962.95","16691.94"
"2016/03/04","17014.78","16927.36","17042.92","16861.38"
"2016/03/07","16911.32","17024.64","17026.25","16894.58"
"2016/03/08","16783.15","16889.48","16909.79","16570.22"
"2016/03/09","16642.20","16625.59","16706.25","16494.80"
"2016/03/10","16852.35","16811.00","16887.60","16713.13"
"2016/03/11","16938.87","16610.18","17015.30","16575.75"
"2016/03/14","17233.75","17155.52","17291.35","17149.21"
"2016/03/15","17117.07","17219.89","17279.30","17042.56"
"2016/03/16","16974.45","16981.36","17102.45","16950.84"
"2016/03/17","16936.38","17107.60","17253.03","16814.84"
"2016/03/18","16724.81","16883.75","16920.91","16613.69"
"2016/03/22","17048.55","16937.31","17107.80","16851.21"
"2016/03/23","17000.98","17066.27","17142.08","16964.31"
"2016/03/24","16892.33","16979.39","17041.16","16843.99"
"2016/03/25","17002.75","16949.53","17026.14","16889.40"
"2016/03/28","17134.37","17129.27","17167.88","16961.41"
"2016/03/29","17103.53","16985.28","17137.20","16948.43"
"2016/03/30","16878.96","17078.03","17078.03","16875.91"
"2016/03/31","16758.67","16997.14","17033.65","16758.67"
"2016/04/01","16164.16","16719.56","16719.56","16113.01"
"2016/04/04","16123.27","16087.76","16238.51","16029.50"
"2016/04/05","15732.82","16044.23","16066.18","15698.55"
"2016/04/06","15715.36","15727.70","15828.61","15612.91"
"2016/04/07","15749.84","15739.26","15871.10","15636.21"
"2016/04/08","15821.52","15597.04","16027.63","15471.80"
"2016/04/11","15751.13","15761.57","15778.74","15525.49"
"2016/04/12","15928.79","15719.24","15963.03","15693.61"
"2016/04/13","16381.22","16142.71","16405.59","16132.23"
"2016/04/14","16911.05","16629.83","16911.05","16602.17"
"2016/04/15","16848.03","16720.39","16928.67","16720.39"
"2016/04/18","16275.95","16521.25","16526.90","16254.20"
"2016/04/19","16874.44","16582.66","16900.33","16570.50"
"2016/04/20","16906.54","17053.83","17099.36","16870.73"
"2016/04/21","17363.62","17187.27","17381.70","17144.53"
"2016/04/22","17572.49","17220.47","17572.49","17192.39"
"2016/04/25","17439.30","17613.56","17613.56","17403.87"
"2016/04/26","17353.28","17358.56","17426.02","17200.50"
"2016/04/27","17290.49","17369.68","17417.54","17230.23"
"2016/04/28","16666.05","17438.99","17572.27","16652.74"
"2016/05/02","16147.38","16357.10","16357.10","15975.47"
"2016/05/06","16106.72","16212.67","16271.61","15989.35"
"2016/05/09","16216.03","16226.57","16292.86","16159.31"
"2016/05/10","16565.19","16307.50","16587.63","16229.15"
"2016/05/11","16579.01","16736.72","16814.64","16536.61"
"2016/05/12","16646.34","16459.69","16658.07","16374.59"
"2016/05/13","16412.21","16804.17","16804.17","16400.87"
"2016/05/16","16466.40","16391.92","16632.62","16391.92"
"2016/05/17","16652.80","16618.95","16655.89","16509.31"
"2016/05/18","16644.69","16611.40","16795.47","16513.17"
"2016/05/19","16646.66","16807.46","16841.04","16590.16"
"2016/05/20","16736.35","16594.99","16770.87","16548.34"
"2016/05/23","16654.60","16671.28","16691.50","16417.84"
"2016/05/24","16498.76","16605.04","16605.04","16471.37"
"2016/05/25","16757.35","16764.35","16806.03","16731.12"
"2016/05/26","16772.46","16927.69","16957.56","16743.17"
"2016/05/27","16834.84","16830.50","16901.09","16792.73"
"2016/05/30","17068.02","16973.72","17068.02","16910.19"
"2016/05/31","17234.98","17029.46","17251.36","16988.64"
"2016/06/01","16955.73","17097.22","17145.95","16908.92"
"2016/06/02","16562.55","16817.26","16819.85","16525.47"
"2016/06/03","16642.23","16599.51","16716.14","16554.60"
"2016/06/06","16580.03","16373.32","16581.30","16322.64"
"2016/06/07","16675.45","16651.05","16701.01","16536.23"
"2016/06/08","16830.92","16722.49","16830.92","16581.71"
"2016/06/09","16668.41","16742.03","16785.83","16587.77"
"2016/06/10","16601.36","16637.51","16643.36","16496.11"
"2016/06/13","16019.18","16319.11","16335.38","16019.18"
"2016/06/14","15859.00","16001.19","16082.50","15762.09"
"2016/06/15","15919.58","15799.07","15997.30","15752.01"
"2016/06/16","15434.14","15871.22","15913.08","15395.98"
"2016/06/17","15599.66","15631.79","15774.87","15582.94"
"2016/06/20","15965.30","15839.06","16035.44","15835.86"
"2016/06/21","16169.11","15875.81","16202.30","15770.96"
"2016/06/22","16065.72","16095.81","16160.99","15980.65"
"2016/06/23","16238.35","16098.61","16263.87","16057.86"
"2016/06/24","14952.02","16333.87","16389.17","14864.01"
"2016/06/27","15309.21","15153.08","15323.95","15061.66"
"2016/06/28","15323.14","15094.71","15443.82","14987.79"
"2016/06/29","15566.83","15523.35","15626.66","15398.31"
"2016/06/30","15575.92","15752.71","15781.69","15575.92"
"2016/07/01","15682.48","15698.02","15765.00","15635.57"
"2016/07/04","15775.80","15554.04","15805.31","15553.92"
"2016/07/05","15669.33","15682.16","15702.04","15602.73"
"2016/07/06","15378.99","15434.46","15434.46","15167.98"
"2016/07/07","15276.24","15346.81","15418.90","15241.91"
"2016/07/08","15106.98","15326.84","15399.70","15106.52"
"2016/07/11","15708.82","15375.94","15816.67","15375.94"
"2016/07/12","16095.65","15961.30","16237.62","15956.91"
"2016/07/13","16231.43","16343.00","16444.25","16196.44"
"2016/07/14","16385.89","16242.20","16398.73","16229.26"
"2016/07/15","16497.85","16396.12","16607.32","16396.12"
"2016/07/19","16723.31","16612.09","16726.71","16514.66"
"2016/07/20","16681.89","16646.92","16692.84","16554.03"
"2016/07/21","16810.22","16855.18","16938.96","16740.00"
"2016/07/22","16627.25","16612.90","16691.81","16566.98"
"2016/07/25","16620.29","16655.81","16778.65","16612.33"
"2016/07/26","16383.04","16535.81","16535.81","16323.10"
"2016/07/27","16664.82","16526.06","16821.43","16526.06"
"2016/07/28","16476.84","16596.15","16616.28","16450.28"
"2016/07/29","16569.27","16359.68","16679.19","16174.35"
"2016/08/01","16635.77","16415.31","16677.49","16319.15"
"2016/08/02","16391.45","16469.68","16541.88","16391.45"
"2016/08/03","16083.11","16227.28","16275.34","16056.67"
"2016/08/04","16254.89","16168.34","16270.12","15921.04"
"2016/08/05","16254.45","16278.99","16355.98","16230.70"
"2016/08/08","16650.57","16462.29","16652.04","16455.57"
"2016/08/09","16764.97","16632.41","16779.59","16630.56"
"2016/08/10","16735.12","16699.08","16822.86","16657.59"
"2016/08/12","16919.92","16877.18","16943.67","16818.43"
"2016/08/15","16869.56","16866.89","16932.11","16844.58"
"2016/08/16","16596.51","16878.66","16887.57","16596.51"
"2016/08/17","16745.64","16596.26","16772.11","16596.26"
"2016/08/18","16486.01","16649.91","16714.61","16481.41"
"2016/08/19","16545.82","16558.38","16613.04","16452.62"
"2016/08/22","16598.19","16599.26","16631.23","16540.94"
"2016/08/23","16497.36","16549.82","16663.64","16452.01"
"2016/08/24","16597.30","16550.21","16648.07","16544.39"
"2016/08/25","16555.95","16580.15","16628.79","16520.84"
"2016/08/26","16360.71","16485.55","16490.53","16320.43"
"2016/08/29","16737.49","16631.06","16764.64","16616.65"
"2016/08/30","16725.36","16690.98","16752.16","16677.85"
"2016/08/31","16887.40","16857.83","16917.86","16836.96"
"2016/09/01","16926.84","16885.16","16941.18","16864.56"
"2016/09/02","16925.68","16903.78","16946.49","16848.12"
"2016/09/05","17037.63","17131.52","17156.36","17009.21"
"2016/09/06","17081.98","17035.03","17097.59","17022.64"
"2016/09/07","17012.44","16937.38","17024.26","16903.20"
"2016/09/08","16958.77","16984.00","17001.84","16836.65"
"2016/09/09","16965.76","16994.37","17029.78","16902.09"
"2016/09/12","16672.92","16748.36","16802.00","16601.54"
"2016/09/13","16729.04","16764.65","16787.06","16658.40"
"2016/09/14","16614.24","16632.06","16706.61","16585.80"
"2016/09/15","16405.01","16512.42","16528.02","16359.78"
"2016/09/16","16519.29","16458.74","16532.84","16415.86"
"2016/09/20","16492.15","16403.22","16591.70","16403.22"
"2016/09/21","16807.62","16471.85","16823.63","16399.65"
"2016/09/23","16754.02","16759.84","16808.59","16725.53"
"2016/09/26","16544.56","16707.45","16707.45","16514.93"
"2016/09/27","16683.93","16390.91","16683.93","16285.41"
"2016/09/28","16465.40","16504.99","16515.84","16385.03"
"2016/09/29","16693.71","16606.30","16756.43","16584.14"
"2016/09/30","16449.84","16474.45","16497.55","16407.78"
"2016/10/03","16598.67","16566.03","16652.16","16554.83"
"2016/10/04","16735.65","16661.51","16747.20","16637.82"
"2016/10/05","16819.24","16787.89","16844.35","16728.19"
"2016/10/06","16899.10","16913.60","16971.28","16888.77"
"2016/10/07","16860.09","16883.12","16895.13","16820.21"
"2016/10/11","17024.76","16936.31","17074.46","16931.12"
"2016/10/12","16840.00","16850.73","16951.54","16839.41"
"2016/10/13","16774.24","16923.82","16974.25","16739.73"
"2016/10/14","16856.37","16751.04","16866.56","16727.78"
"2016/10/17","16900.12","16871.84","16954.44","16821.49"
"2016/10/18","16963.61","16862.31","16966.90","16844.17"
"2016/10/19","16998.91","16952.91","17016.66","16938.46"
"2016/10/20","17235.50","16999.36","17235.50","16992.14"
"2016/10/21","17184.59","17283.75","17288.89","17151.98"
"2016/10/24","17234.42","17216.56","17244.74","17162.21"
"2016/10/25","17365.25","17298.63","17381.80","17298.63"
"2016/10/26","17391.84","17329.03","17391.84","17295.46"
"2016/10/27","17336.42","17346.39","17414.21","17278.12"
"2016/10/28","17446.41","17448.25","17461.03","17406.72"
"2016/10/31","17425.02","17360.89","17433.13","17327.62"
"2016/11/01","17442.40","17380.54","17473.12","17339.64"
"2016/11/02","17134.68","17238.00","17283.60","17080.59"
"2016/11/04","16905.36","16964.50","16996.09","16801.98"
"2016/11/07","17177.21","17126.03","17186.89","17056.84"
"2016/11/08","17171.38","17242.70","17247.04","17130.83"
"2016/11/09","16251.54","17281.95","17427.71","16111.81"
"2016/11/10","17344.42","16562.86","17393.82","16560.66"
"2016/11/11","17374.79","17526.61","17621.73","17333.49"
"2016/11/14","17672.62","17467.49","17697.33","17455.78"
"2016/11/15","17668.15","17690.22","17727.58","17605.77"
"2016/11/16","17862.21","17832.51","17886.44","17807.47"
"2016/11/17","17862.63","17766.61","17884.06","17764.08"
"2016/11/18","17967.41","18024.21","18043.72","17967.41"
"2016/11/21","18106.02","18038.09","18129.03","18007.79"
"2016/11/22","18162.94","18091.05","18175.63","18050.55"
"2016/11/24","18333.41","18329.78","18382.72","18310.31"
"2016/11/25","18381.22","18387.59","18482.94","18288.50"
"2016/11/28","18356.89","18302.58","18374.93","18222.82"
"2016/11/29","18307.04","18263.63","18327.51","18258.82"
"2016/11/30","18308.48","18356.03","18370.31","18280.66"
"2016/12/01","18513.12","18535.24","18746.28","18469.27"
"2016/12/02","18426.08","18435.55","18469.68","18315.38"
"2016/12/05","18274.99","18349.92","18365.74","18227.39"
"2016/12/06","18360.54","18457.20","18484.80","18318.99"
"2016/12/07","18496.69","18434.54","18502.47","18410.88"
"2016/12/08","18765.47","18674.19","18765.47","18614.01"
"2016/12/09","18996.37","18839.98","19042.48","18821.41"
"2016/12/12","19155.03","19183.82","19280.93","19054.00"
"2016/12/13","19250.52","19120.76","19253.51","19060.72"
"2016/12/14","19253.61","19270.01","19284.28","19184.75"
"2016/12/15","19273.79","19327.70","19436.90","19192.60"
"2016/12/16","19401.15","19438.39","19439.97","19360.36"
"2016/12/19","19391.60","19345.84","19399.26","19307.14"
"2016/12/20","19494.53","19367.84","19511.20","19356.81"
"2016/12/21","19444.49","19547.28","19592.90","19375.19"
"2016/12/22","19427.67","19396.85","19427.67","19327.51"
"2016/12/26","19396.64","19394.41","19432.48","19385.94"
"2016/12/27","19403.06","19353.43","19478.58","19352.06"
"2016/12/28","19401.72","19392.11","19442.13","19364.73"
"2016/12/29","19145.14","19301.04","19301.04","19092.22"
"2016/12/30","19114.37","18997.68","19176.81","18991.59"
"2017/01/04","19594.16","19298.68","19594.16","19277.93"
"2017/01/05","19520.69","19602.10","19615.40","19473.28"
"2017/01/06","19454.33","19393.55","19472.37","19354.44"
"2017/01/10","19301.44","19414.83","19484.90","19255.35"
"2017/01/11","19364.67","19358.64","19402.17","19325.46"
"2017/01/12","19134.70","19300.19","19300.19","19069.02"
"2017/01/13","19287.28","19174.97","19299.36","19156.93"
"2017/01/16","19095.24","19219.13","19255.41","19061.27"
"2017/01/17","18813.53","19038.45","19043.91","18812.86"
"2017/01/18","18894.37","18753.96","18941.24","18650.33"
"2017/01/19","19072.25","19082.83","19122.39","18982.13"
"2017/01/20","19137.91","19059.15","19176.86","19040.20"
"2017/01/23","18891.03","18938.45","19024.21","18879.68"
"2017/01/24","18787.99","18817.42","18915.70","18783.16"
"2017/01/25","19057.50","19091.23","19133.18","18987.45"
"2017/01/26","19402.39","19260.67","19405.23","19232.46"
"2017/01/27","19467.40","19453.51","19486.68","19404.13"
"2017/01/30","19368.85","19371.28","19390.97","19295.80"
"2017/01/31","19041.34","19145.35","19199.75","19041.34"
"2017/02/01","19148.08","18926.97","19155.79","18916.18"
"2017/02/02","18914.58","19152.79","19170.63","18866.80"
"2017/02/03","18918.20","18996.74","19061.26","18830.89"
"2017/02/06","18976.71","19069.72","19075.57","18899.40"
"2017/02/07","18910.78","18844.12","18970.58","18805.32"
"2017/02/08","19007.60","18951.16","19009.24","18875.57"
"2017/02/09","18907.67","18942.04","18991.23","18874.91"
"2017/02/10","19378.93","19216.74","19395.99","19193.57"
"2017/02/13","19459.15","19513.78","19519.44","19418.18"
"2017/02/14","19238.98","19478.86","19501.01","19232.85"
"2017/02/15","19437.98","19438.81","19495.62","19420.00"
"2017/02/16","19347.53","19431.61","19431.61","19260.24"
"2017/02/17","19234.62","19228.74","19275.39","19173.53"
"2017/02/20","19251.08","19161.33","19274.75","19115.11"
"2017/02/21","19381.44","19267.87","19395.35","19261.98"
"2017/02/22","19379.87","19419.22","19419.22","19329.28"
"2017/02/23","19371.46","19379.92","19379.92","19262.63"
"2017/02/24","19283.54","19232.11","19381.10","19219.58"
"2017/02/27","19107.47","19130.51","19178.99","18995.55"
"2017/02/28","19118.99","19194.68","19267.99","19118.99"
"2017/03/01","19393.54","19226.94","19414.55","19164.62"
"2017/03/02","19564.80","19624.82","19668.01","19564.80"
"2017/03/03","19469.17","19551.34","19587.79","19392.75"
"2017/03/06","19379.14","19409.18","19411.54","19340.32"
"2017/03/07","19344.15","19337.19","19375.09","19317.10"
"2017/03/08","19254.03","19308.53","19326.40","19198.78"
"2017/03/09","19318.58","19343.06","19350.20","19262.98"
"2017/03/10","19604.61","19444.71","19623.72","19427.81"
"2017/03/13","19633.75","19545.74","19656.48","19531.51"
"2017/03/14","19609.50","19634.29","19637.55","19599.62"
"2017/03/15","19577.38","19528.75","19581.53","19503.74"
"2017/03/16","19590.14","19458.70","19618.99","19454.17"
"2017/03/17","19521.59","19510.89","19547.51","19487.92"
"2017/03/21","19455.88","19416.55","19485.14","19337.22"
"2017/03/22","19041.38","19146.62","19183.27","19026.53"
"2017/03/23","19085.31","19048.84","19105.11","18973.75"
"2017/03/24","19262.53","19066.35","19296.05","19060.64"
"2017/03/27","18985.59","19071.19","19086.89","18932.09"
"2017/03/28","19202.87","19159.07","19203.64","19113.44"
"2017/03/29","19217.48","19216.78","19251.30","19164.61"
"2017/03/30","19063.22","19150.82","19218.08","19043.48"
"2017/03/31","18909.26","19170.42","19210.92","18909.26"
"2017/04/03","18983.23","18988.00","19068.62","18920.52"
"2017/04/04","18810.25","18933.82","18947.33","18703.63"
"2017/04/05","18861.27","18900.70","18941.94","18773.94"
"2017/04/06","18597.06","18754.37","18797.44","18532.65"
"2017/04/07","18664.63","18714.98","18785.73","18517.43"
"2017/04/10","18797.88","18800.22","18850.80","18762.70"
"2017/04/11","18747.87","18717.55","18767.70","18661.86"
"2017/04/12","18552.61","18592.10","18602.50","18460.59"
"2017/04/13","18426.84","18391.72","18455.25","18304.72"
"2017/04/14","18335.63","18531.91","18531.91","18285.73"
"2017/04/17","18355.26","18239.84","18361.44","18224.68"
"2017/04/18","18418.59","18497.38","18547.46","18362.73"
"2017/04/19","18432.20","18327.33","18467.73","18327.33"
"2017/04/20","18430.49","18446.39","18523.40","18420.82"
"2017/04/21","18620.75","18591.82","18648.28","18542.42"
"2017/04/24","18875.88","18890.38","18910.33","18840.13"
"2017/04/25","19079.33","18872.56","19109.76","18867.19"
"2017/04/26","19289.43","19184.92","19289.43","19170.86"
"2017/04/27","19251.87","19205.59","19281.70","19199.59"
"2017/04/28","19196.74","19240.65","19264.57","19164.68"
"2017/05/01","19310.52","19154.03","19311.21","19144.62"
"2017/05/02","19445.70","19335.72","19464.30","19335.02"
"2017/05/08","19895.70","19709.01","19929.48","19705.13"
"2017/05/09","19843.00","19915.64","19917.45","19838.71"
"2017/05/10","19900.09","19890.56","19938.53","19866.30"
"2017/05/11","19961.55","19943.95","19989.94","19906.35"
"2017/05/12","19883.90","19941.64","19941.64","19809.91"
"2017/05/15","19869.85","19753.46","19869.85","19740.63"
"2017/05/16","19919.82","19953.06","19998.49","19862.41"
"2017/05/17","19814.88","19806.78","19842.78","19764.63"
"2017/05/18","19553.86","19556.99","19601.53","19449.73"
"2017/05/19","19590.76","19591.41","19628.64","19497.29"
"2017/05/22","19678.28","19670.48","19722.93","19618.73"
"2017/05/23","19613.28","19647.74","19693.02","19585.54"
"2017/05/24","19742.98","19777.56","19782.81","19690.10"
"2017/05/25","19813.13","19737.21","19850.93","19720.12"
"2017/05/26","19686.84","19798.49","19801.59","19686.49"
"2017/05/29","19682.57","19697.18","19736.62","19627.19"
"2017/05/30","19677.85","19681.11","19691.44","19570.13"
"2017/05/31","19650.57","19630.33","19673.51","19589.25"
"2017/06/01","19860.03","19692.16","19887.66","19686.32"
"2017/06/02","20177.28","19970.23","20239.81","19967.00"
"2017/06/05","20170.82","20135.42","20224.54","20104.13"
"2017/06/06","19979.90","20122.26","20152.95","19948.02"
"2017/06/07","19984.62","19951.68","20023.24","19908.07"
"2017/06/08","19909.26","20048.28","20061.22","19896.35"
"2017/06/09","20013.26","19953.06","20096.01","19927.07"
"2017/06/12","19908.58","19920.77","19949.07","19837.64"
"2017/06/13","19898.75","19859.81","19929.03","19850.86"
"2017/06/14","19883.52","19974.56","20009.93","19879.60"
"2017/06/15","19831.82","19815.54","19963.36","19755.34"
"2017/06/16","19943.26","19931.15","20015.16","19884.80"
"2017/06/19","20067.75","19974.30","20087.71","19949.88"
"2017/06/20","20230.41","20234.12","20318.11","20227.29"
"2017/06/21","20138.79","20192.16","20215.11","20117.79"
"2017/06/22","20110.51","20154.38","20191.42","20107.89"
"2017/06/23","20132.67","20152.58","20152.58","20089.54"
"2017/06/26","20153.35","20132.81","20196.38","20119.04"
"2017/06/27","20225.09","20229.12","20250.10","20185.19"
"2017/06/28","20130.41","20149.20","20224.30","20110.49"
"2017/06/29","20220.30","20260.87","20266.59","20197.38"
"2017/06/30","20033.43","20025.63","20044.01","19946.51"
"2017/07/03","20055.80","20056.32","20096.14","20030.61"
"2017/07/04","20032.35","20192.27","20197.16","19971.53"
"2017/07/05","20081.63","20015.07","20087.01","19888.90"
"2017/07/06","19994.06","20061.68","20078.88","19947.63"
"2017/07/07","19929.09","19856.65","19979.93","19856.65"
"2017/07/10","20080.98","20070.44","20127.76","20023.03"
"2017/07/11","20195.48","20073.86","20200.88","20070.67"
"2017/07/12","20098.38","20137.22","20153.04","20061.16"
"2017/07/13","20099.81","20177.28","20183.80","20062.27"
"2017/07/14","20118.86","20157.92","20163.67","20101.71"
"2017/07/18","19999.91","20074.41","20081.29","19943.14"
"2017/07/19","20020.86","19970.78","20032.46","19947.26"
"2017/07/20","20144.59","20046.90","20157.11","20032.23"
"2017/07/21","20099.75","20089.86","20135.33","20081.91"
"2017/07/24","19975.67","19973.67","20002.54","19901.88"
"2017/07/25","19955.20","19979.56","20036.31","19941.61"
"2017/07/26","20050.16","20098.14","20116.00","20016.58"
"2017/07/27","20079.64","20026.58","20176.39","20005.20"
"2017/07/28","19959.84","20048.46","20056.16","19926.60"
"2017/07/31","19925.18","19933.45","19983.90","19891.90"
"2017/08/01","19985.79","19907.08","20000.46","19904.72"
"2017/08/02","20080.04","20057.07","20113.73","20022.05"
"2017/08/03","20029.26","20066.00","20070.16","19985.40"
"2017/08/04","19952.33","19949.79","19984.51","19933.59"
"2017/08/07","20055.89","20059.29","20085.90","20037.40"
"2017/08/08","19996.01","20062.65","20076.80","19970.57"
"2017/08/09","19738.71","19928.96","19945.28","19660.22"
"2017/08/10","19729.74","19792.45","19829.88","19685.83"
"2017/08/14","19537.10","19545.58","19598.41","19486.48"
"2017/08/15","19753.31","19689.38","19824.12","19656.91"
"2017/08/16","19729.28","19750.55","19776.86","19719.08"
"2017/08/17","19702.63","19707.75","19739.04","19679.37"
"2017/08/18","19470.41","19471.27","19543.13","19433.09"
"2017/08/21","19393.13","19509.53","19509.53","19365.65"
"2017/08/22","19383.84","19373.11","19437.25","19361.95"
"2017/08/23","19434.64","19547.05","19561.32","19408.47"
"2017/08/24","19353.77","19366.36","19428.55","19351.92"
"2017/08/25","19452.61","19401.12","19485.97","19384.37"
"2017/08/28","19449.90","19502.23","19535.50","19420.50"
"2017/08/29","19362.55","19319.11","19371.90","19280.02"
"2017/08/30","19506.54","19480.98","19538.23","19435.10"
"2017/08/31","19646.24","19591.32","19687.99","19583.11"
"2017/09/01","19691.47","19733.57","19735.96","19620.07"
"2017/09/04","19508.25","19615.96","19628.40","19479.40"
"2017/09/05","19385.81","19533.38","19542.78","19354.59"
"2017/09/06","19357.97","19286.06","19371.38","19254.67"
"2017/09/07","19396.52","19433.44","19482.72","19365.75"
"2017/09/08","19274.82","19297.96","19357.49","19239.52"
"2017/09/11","19545.77","19441.39","19567.03","19437.14"
"2017/09/12","19776.62","19736.14","19792.06","19718.80"
"2017/09/13","19865.82","19873.69","19888.84","19845.02"
"2017/09/14","19807.44","19860.37","19918.39","19793.85"
"2017/09/15","19909.50","19793.80","19933.40","19787.65"
"2017/09/19","20299.38","20128.18","20320.78","20122.00"
"2017/09/20","20310.46","20301.33","20339.37","20272.82"
"2017/09/21","20347.48","20456.50","20481.27","20332.69"
"2017/09/22","20296.45","20413.61","20417.07","20249.24"
"2017/09/25","20397.58","20439.43","20454.29","20367.03"
"2017/09/26","20330.19","20349.26","20385.50","20303.98"
"2017/09/27","20267.05","20269.82","20278.09","20213.66"
"2017/09/28","20363.11","20398.63","20399.87","20299.68"
"2017/09/29","20356.28","20315.34","20370.33","20285.06"
"2017/10/02","20400.78","20400.51","20411.33","20363.28"
"2017/10/03","20614.07","20475.25","20628.38","20438.17"
"2017/10/04","20626.66","20660.81","20689.08","20592.18"
"2017/10/05","20628.56","20650.71","20667.47","20602.26"
"2017/10/06","20690.71","20716.85","20721.15","20659.15"
"2017/10/10","20823.51","20680.54","20823.66","20663.08"
"2017/10/11","20881.27","20803.71","20898.41","20788.12"
"2017/10/12","20954.72","20958.18","20994.40","20917.04"
"2017/10/13","21155.18","20959.66","21211.29","20933.00"
"2017/10/16","21255.56","21221.27","21347.07","21187.93"
"2017/10/17","21336.12","21352.17","21393.96","21230.67"
"2017/10/18","21363.05","21374.66","21402.76","21317.67"
"2017/10/19","21448.52","21450.04","21503.85","21381.52"
"2017/10/20","21457.64","21390.95","21489.26","21363.10"
"2017/10/23","21696.65","21709.30","21723.60","21614.51"
"2017/10/24","21805.17","21670.00","21805.17","21646.52"
"2017/10/25","21707.62","21900.13","21921.36","21648.35"
"2017/10/26","21739.78","21698.95","21793.62","21688.56"
"2017/10/27","22008.45","21903.27","22016.50","21815.72"
"2017/10/30","22011.67","22047.95","22086.88","21921.24"
"2017/10/31","22011.61","21897.29","22020.38","21840.07"
"2017/11/01","22420.08","22144.92","22455.92","22130.03"
"2017/11/02","22539.12","22512.18","22540.25","22400.01"
"2017/11/06","22548.35","22612.96","22644.68","22435.34"
"2017/11/07","22937.60","22518.75","22953.18","22512.91"
"2017/11/08","22913.82","22849.91","22922.80","22759.07"
"2017/11/09","22868.71","22989.44","23382.15","22522.83"
"2017/11/10","22681.42","22580.70","22724.39","22511.93"
"2017/11/13","22380.99","22607.56","22607.92","22380.99"
"2017/11/14","22380.01","22342.93","22532.30","22323.24"
"2017/11/15","22028.32","22250.98","22305.24","22004.79"
"2017/11/16","22351.12","21975.23","22392.13","21972.34"
"2017/11/17","22396.80","22603.30","22757.40","22319.12"
"2017/11/20","22261.76","22279.98","22410.24","22215.07"
"2017/11/21","22416.48","22456.79","22563.25","22416.48"
"2017/11/22","22523.15","22601.55","22677.34","22513.44"
"2017/11/24","22550.85","22390.14","22567.20","22381.01"
"2017/11/27","22495.99","22657.08","22659.33","22423.40"
"2017/11/28","22486.24","22474.74","22580.99","22363.94"
"2017/11/29","22597.20","22613.96","22643.93","22537.12"
"2017/11/30","22724.96","22601.83","22748.32","22502.68"
"2017/12/01","22819.03","22916.93","22994.31","22675.07"
"2017/12/04","22707.16","22843.53","22864.33","22693.99"
"2017/12/05","22622.38","22595.33","22682.71","22522.28"
"2017/12/06","22177.04","22525.38","22528.21","22119.21"
"2017/12/07","22498.03","22317.15","22515.24","22317.15"
"2017/12/08","22811.08","22627.95","22819.71","22625.41"
"2017/12/11","22938.73","22894.30","22938.73","22787.40"
"2017/12/12","22866.17","22936.41","22994.33","22834.89"
"2017/12/13","22758.07","22879.27","22879.37","22697.32"
"2017/12/14","22694.45","22699.30","22786.61","22638.76"
"2017/12/15","22553.22","22621.36","22745.09","22478.32"
"2017/12/18","22901.77","22770.44","22927.50","22735.20"
"2017/12/19","22868.00","22961.47","22990.42","22862.82"
"2017/12/20","22891.72","22834.93","22923.50","22806.73"
"2017/12/21","22866.10","22852.01","22894.95","22728.06"
"2017/12/22","22902.76","22850.73","22908.84","22801.16"
"2017/12/25","22939.18","22909.41","22948.83","22870.19"
"2017/12/26","22892.69","22922.95","22950.15","22877.63"
"2017/12/27","22911.21","22854.39","22936.16","22854.39"
"2017/12/28","22783.98","22912.05","22954.45","22736.43"
"2017/12/29","22764.94","22831.49","22881.21","22753.20"
"2018/01/04","23506.33","23073.73","23506.33","23065.20"
"2018/01/05","23714.53","23643.00","23730.47","23520.52"
"2018/01/09","23849.99","23948.97","23952.61","23789.03"
"2018/01/10","23788.20","23832.81","23864.76","23755.45"
"2018/01/11","23710.43","23656.39","23734.97","23601.84"
"2018/01/12","23653.82","23719.66","23743.05","23588.07"
"2018/01/15","23714.88","23827.98","23833.27","23685.02"
"2018/01/16","23951.81","23721.17","23962.07","23701.83"
"2018/01/17","23868.34","23783.42","23891.63","23739.17"
"2018/01/18","23763.37","24078.93","24084.42","23699.47"
"2018/01/19","23808.06","23854.11","23872.69","23735.61"
"2018/01/22","23816.33","23797.84","23816.33","23697.81"
"2018/01/23","24124.15","23924.40","24129.34","23916.02"
"2018/01/24","23940.78","24026.43","24072.77","23917.14"
"2018/01/25","23669.49","23750.65","23828.40","23649.03"
"2018/01/26","23631.88","23757.34","23797.96","23592.28"
"2018/01/29","23629.34","23707.14","23787.23","23580.17"
"2018/01/30","23291.97","23559.33","23581.98","23233.37"
"2018/01/31","23098.29","23205.23","23375.38","23092.85"
"2018/02/01","23486.11","23276.10","23492.77","23211.12"
"2018/02/02","23274.53","23361.67","23367.96","23122.45"
"2018/02/05","22682.08","22921.16","22967.69","22659.43"
"2018/02/06","21610.24","22267.00","22277.45","21078.71"
"2018/02/07","21645.37","22001.29","22353.87","21627.13"
"2018/02/08","21890.86","21721.57","21977.03","21649.70"
"2018/02/09","21382.62","21507.74","21510.30","21119.01"
"2018/02/13","21244.68","21633.34","21679.20","21211.53"
"2018/02/14","21154.17","21251.24","21371.01","20950.15"
"2018/02/15","21464.98","21384.10","21578.99","21308.92"
"2018/02/16","21720.25","21555.99","21866.37","21499.88"
"2018/02/19","22149.21","21903.66","22152.85","21858.33"
"2018/02/20","21925.10","22054.32","22063.87","21831.45"
"2018/02/21","21970.81","21942.42","22130.58","21836.73"
"2018/02/22","21736.44","21789.88","21799.40","21626.85"
"2018/02/23","21892.78","21789.72","21903.39","21741.63"
"2018/02/26","22153.63","22134.64","22226.53","22040.87"
"2018/02/27","22389.86","22391.67","22502.05","22325.07"
"2018/02/28","22068.24","22292.53","22380.28","22068.24"
"2018/03/01","21724.47","21901.13","21901.13","21645.22"
"2018/03/02","21181.64","21339.98","21366.09","21088.96"
"2018/03/05","21042.09","21047.81","21164.38","20937.26"
"2018/03/06","21417.76","21390.20","21551.14","21381.42"
"2018/03/07","21252.72","21261.96","21484.08","21201.94"
"2018/03/08","21368.07","21488.16","21488.16","21299.40"
"2018/03/09","21469.20","21594.22","21884.45","21357.55"
"2018/03/12","21824.03","21826.10","21971.16","21689.97"
"2018/03/13","21968.10","21742.45","21968.10","21700.78"
"2018/03/14","21777.29","21764.99","21881.09","21684.02"
"2018/03/15","21803.95","21704.14","21825.97","21555.49"
"2018/03/16","21676.51","21876.53","21879.28","21632.85"
"2018/03/19","21480.90","21537.90","21659.04","21366.88"
"2018/03/20","21380.97","21297.98","21384.86","21223.97"
"2018/03/22","21591.99","21352.16","21592.00","21349.71"
"2018/03/23","20617.86","21188.80","21188.80","20559.61"
"2018/03/26","20766.10","20423.37","20766.10","20347.49"
"2018/03/27","21317.32","20958.90","21317.32","20943.31"
"2018/03/28","21031.31","20893.05","21031.31","20776.82"
"2018/03/29","21159.08","21250.96","21298.57","20996.22"
"2018/03/30","21454.30","21392.42","21512.80","21311.50"
"2018/04/02","21388.58","21441.57","21597.47","21388.58"
"2018/04/03","21292.29","21115.48","21333.50","21056.02"
"2018/04/04","21319.55","21415.85","21415.85","21238.18"
"2018/04/05","21645.42","21541.18","21737.66","21462.10"
"2018/04/06","21567.52","21633.73","21742.84","21550.42"
"2018/04/09","21678.26","21534.33","21737.09","21517.77"
"2018/04/10","21794.32","21599.67","21933.99","21542.37"
"2018/04/11","21687.10","21819.09","21837.36","21687.10"
"2018/04/12","21660.28","21657.87","21719.43","21591.39"
"2018/04/13","21778.74","21801.41","21917.35","21746.69"
"2018/04/16","21835.53","21843.55","21879.69","21775.61"
"2018/04/17","21847.59","21801.83","21889.89","21772.42"
"2018/04/18","22158.20","21929.01","22194.11","21914.96"
"2018/04/19","22191.18","22231.86","22360.65","22176.86"
"2018/04/20","22162.24","22148.22","22261.35","22076.63"
"2018/04/23","22088.04","22157.88","22204.86","22065.52"
"2018/04/24","22278.12","22228.82","22304.69","22149.59"
"2018/04/25","22215.32","22118.62","22228.78","22080.76"
"2018/04/26","22319.61","22278.77","22381.66","22265.20"
"2018/04/27","22467.87","22466.66","22495.56","22357.53"
"2018/05/01","22508.03","22453.42","22519.45","22411.43"
"2018/05/02","22472.78","22568.19","22568.19","22426.55"
"2018/05/07","22467.16","22513.22","22513.48","22350.91"
"2018/05/08","22508.69","22440.65","22566.68","22423.23"
"2018/05/09","22408.88","22463.01","22478.64","22364.75"
"2018/05/10","22497.18","22482.51","22530.64","22418.75"
"2018/05/11","22758.48","22573.95","22769.16","22545.47"
"2018/05/14","22865.86","22705.30","22894.76","22683.64"
"2018/05/15","22818.02","22889.47","22912.06","22805.72"
"2018/05/16","22717.23","22730.12","22796.14","22695.84"
"2018/05/17","22838.37","22820.62","22887.03","22799.16"
"2018/05/18","22930.36","22907.20","22954.19","22867.30"
"2018/05/21","23002.37","22937.58","23050.39","22935.31"
"2018/05/22","22960.34","23025.95","23031.67","22952.87"
"2018/05/23","22689.74","22868.79","22949.73","22649.85"
"2018/05/24","22437.01","22621.29","22644.69","22366.60"
"2018/05/25","22450.79","22380.22","22509.36","22318.15"
"2018/05/28","22481.09","22488.95","22547.67","22410.91"
"2018/05/29","22358.43","22431.95","22439.10","22240.39"
"2018/05/30","22018.52","22051.97","22079.23","21931.65"
"2018/05/31","22201.82","22163.40","22254.42","22098.00"
"2018/06/01","22171.35","22126.25","22316.91","22098.04"
"2018/06/04","22475.94","22365.09","22515.72","22355.83"
"2018/06/05","22539.54","22552.17","22602.13","22470.04"
"2018/06/06","22625.73","22520.31","22662.82","22498.59"
"2018/06/07","22823.26","22748.72","22856.37","22732.18"
"2018/06/08","22694.50","22799.38","22879.00","22694.50"
"2018/06/11","22804.04","22686.95","22856.08","22667.30"
"2018/06/12","22878.35","22977.22","23011.57","22797.73"
"2018/06/13","22966.38","22896.17","22993.26","22895.31"
"2018/06/14","22738.61","22842.96","22898.39","22738.61"
"2018/06/15","22851.75","22883.24","22885.84","22770.38"
"2018/06/18","22680.33","22806.57","22806.89","22601.13"
"2018/06/19","22278.48","22565.92","22618.52","22278.48"
"2018/06/20","22555.43","22338.53","22581.40","22167.16"
"2018/06/21","22693.04","22523.28","22782.01","22491.08"
"2018/06/22","22516.83","22456.45","22535.65","22414.18"
"2018/06/25","22338.15","22543.56","22556.55","22312.79"
"2018/06/26","22342.00","22160.33","22368.78","22104.12"
"2018/06/27","22271.77","22320.88","22356.54","22205.34"
"2018/06/28","22270.39","22195.19","22299.39","22038.40"
"2018/06/29","22304.51","22314.47","22332.82","22145.48"
"2018/07/02","21811.93","22233.80","22312.25","21784.48"
"2018/07/03","21785.54","21889.06","21927.81","21574.56"
"2018/07/04","21717.04","21679.00","21784.00","21604.18"
"2018/07/05","21546.99","21697.44","21751.50","21462.95"
"2018/07/06","21788.14","21647.66","21866.16","21642.96"
"2018/07/09","22052.18","21838.53","22105.95","21825.76"
"2018/07/10","22196.89","22215.34","22321.60","22196.89"
"2018/07/11","21932.21","22002.14","22044.62","21744.25"
"2018/07/12","22187.96","22036.87","22233.52","22019.19"
"2018/07/13","22597.35","22397.62","22692.86","22316.52"
"2018/07/17","22697.36","22605.73","22832.22","22575.42"
"2018/07/18","22794.19","22917.52","22949.32","22794.19"
"2018/07/19","22764.68","22871.62","22926.47","22761.87"
"2018/07/20","22697.88","22734.56","22869.98","22541.35"
"2018/07/23","22396.99","22480.33","22507.17","22341.87"
"2018/07/24","22510.48","22555.05","22555.05","22416.23"
"2018/07/25","22614.25","22594.28","22645.66","22547.14"
"2018/07/26","22586.87","22711.59","22717.15","22549.77"
"2018/07/27","22712.75","22646.48","22712.75","22593.20"
"2018/07/30","22544.84","22613.30","22631.32","22518.94"
"2018/07/31","22553.72","22472.12","22678.06","22352.21"
"2018/08/01","22746.70","22642.18","22775.47","22615.98"
"2018/08/02","22512.53","22676.73","22754.73","22464.81"
"2018/08/03","22525.18","22585.54","22613.50","22490.57"
"2018/08/06","22507.32","22536.05","22635.68","22486.74"
"2018/08/07","22662.74","22514.31","22666.68","22499.05"
"2018/08/08","22644.31","22666.56","22800.61","22610.29"
"2018/08/09","22598.39","22591.54","22648.88","22497.99"
"2018/08/10","22298.08","22606.91","22608.86","22272.69"
"2018/08/13","21857.43","22117.57","22124.60","21851.32"
"2018/08/14","22356.08","22053.07","22356.08","22047.19"
"2018/08/15","22204.22","22368.12","22380.28","22110.29"
"2018/08/16","22192.04","21980.82","22240.42","21871.70"
"2018/08/17","22270.38","22313.19","22340.95","22244.10"
"2018/08/20","22199.00","22267.07","22288.31","22150.75"
"2018/08/21","22219.73","22110.54","22306.83","22053.14"
"2018/08/22","22362.55","22270.04","22390.20","22162.81"
"2018/08/23","22410.82","22420.67","22463.03","22377.88"
"2018/08/24","22601.77","22484.01","22602.24","22452.42"
"2018/08/27","22799.64","22693.69","22838.06","22682.39"
"2018/08/28","22813.47","22967.74","23006.77","22813.47"
"2018/08/29","22848.22","22820.86","22968.18","22819.97"
"2018/08/30","22869.50","23020.18","23032.17","22832.83"
"2018/08/31","22865.15","22733.25","22890.61","22678.03"
"2018/09/03","22707.38","22819.17","22820.48","22684.43"
"2018/09/04","22696.90","22740.05","22753.18","22612.15"
"2018/09/05","22580.83","22663.80","22692.25","22570.52"
"2018/09/06","22487.94","22458.97","22535.34","22416.63"
"2018/09/07","22307.06","22351.84","22372.89","22172.90"
"2018/09/10","22373.09","22253.65","22396.88","22249.61"
"2018/09/11","22664.69","22469.78","22667.85","22457.10"
"2018/09/12","22604.61","22702.71","22709.37","22522.17"
"2018/09/13","22821.32","22657.95","22858.41","22643.88"
"2018/09/14","23094.67","23035.78","23105.28","22965.48"
"2018/09/18","23420.54","23042.19","23481.53","23039.26"
"2018/09/19","23672.52","23754.96","23842.05","23672.52"
"2018/09/20","23674.93","23752.79","23781.75","23582.15"
"2018/09/21","23869.93","23848.63","23971.41","23764.05"
"2018/09/25","23940.26","23881.85","23950.98","23808.95"
"2018/09/26","24033.79","23846.60","24033.79","23833.92"
"2018/09/27","23796.74","23946.43","24089.32","23778.04"
"2018/09/28","24120.04","24080.01","24286.10","24021.27"
"2018/10/01","24245.76","24173.37","24306.54","24123.50"
"2018/10/02","24270.62","24376.17","24448.07","24217.26"
"2018/10/03","24110.96","24219.19","24260.63","24030.59"
"2018/10/04","23975.62","24242.06","24247.82","23923.26"
"2018/10/05","23783.72","23781.76","23928.62","23730.19"
"2018/10/09","23469.39","23550.47","23587.05","23442.46"
"2018/10/10","23506.04","23538.92","23589.38","23373.54"
"2018/10/11","22590.86","23043.37","23051.19","22459.02"
"2018/10/12","22694.66","22323.43","22711.13","22323.43"
"2018/10/15","22271.30","22501.33","22520.59","22261.92"
"2018/10/16","22549.24","22298.20","22549.24","22269.53"
"2018/10/17","22841.12","22806.59","22959.41","22765.58"
"2018/10/18","22658.16","22871.28","22873.13","22637.29"
"2018/10/19","22532.08","22342.00","22551.67","22212.57"
"2018/10/22","22614.82","22374.21","22672.25","22271.59"
"2018/10/23","22010.78","22404.14","22410.15","21993.07"
"2018/10/24","22091.18","22167.76","22207.09","21911.42"
"2018/10/25","21268.73","21676.83","21703.21","21204.40"
"2018/10/26","21184.60","21440.84","21476.66","20971.93"
"2018/10/29","21149.80","21323.61","21465.99","21109.97"
"2018/10/30","21457.29","21049.52","21568.40","21035.88"
"2018/10/31","21920.46","21569.56","21920.46","21530.39"
"2018/11/01","21687.65","21906.41","21906.41","21628.45"
"2018/11/02","22243.66","21761.58","22308.42","21751.33"
"2018/11/05","21898.99","22002.47","22051.65","21865.98"
"2018/11/06","22147.75","22018.87","22160.83","21994.28"
"2018/11/07","22085.80","22189.74","22444.65","21996.94"
"2018/11/08","22486.92","22446.01","22583.43","22421.00"
"2018/11/09","22250.25","22471.31","22494.58","22226.01"
"2018/11/12","22269.88","22121.70","22324.01","22046.29"
"2018/11/13","21810.52","21885.24","21892.29","21484.65"
"2018/11/14","21846.48","21851.13","21990.41","21764.88"
"2018/11/15","21803.62","21670.35","21818.73","21613.53"
"2018/11/16","21680.34","21804.90","21873.74","21663.99"
"2018/11/19","21821.16","21679.03","21852.92","21665.29"
"2018/11/20","21583.12","21582.69","21687.12","21526.95"
"2018/11/21","21507.54","21286.81","21555.61","21243.38"
"2018/11/22","21646.55","21582.47","21684.64","21484.98"
"2018/11/26","21812.00","21647.69","21838.10","21622.60"
"2018/11/27","21952.40","21967.98","22006.83","21816.05"
"2018/11/28","22177.02","22036.72","22216.98","22032.72"
"2018/11/29","22262.60","22360.98","22437.95","22241.17"
"2018/11/30","22351.06","22274.97","22362.20","22231.96"
"2018/12/03","22574.76","22629.39","22698.79","22550.29"
"2018/12/04","22036.05","22533.97","22576.62","22033.41"
"2018/12/05","21919.33","21755.17","21979.18","21708.82"
"2018/12/06","21501.62","21766.50","21805.02","21307.72"
"2018/12/07","21678.68","21643.75","21734.94","21506.45"
"2018/12/10","21219.50","21319.47","21365.78","21169.96"
"2018/12/11","21148.02","21273.04","21279.02","21062.31"
"2018/12/12","21602.75","21348.40","21631.47","21320.72"
"2018/12/13","21816.19","21755.13","21871.34","21675.66"
"2018/12/14","21374.83","21638.96","21751.31","21353.94"
"2018/12/17","21506.88","21391.73","21563.27","21363.67"
"2018/12/18","21115.45","21275.51","21330.36","21101.44"
"2018/12/19","20987.92","21107.17","21168.62","20880.73"
"2018/12/20","20392.58","20779.93","20841.34","20282.93"
"2018/12/21","20166.19","20310.50","20334.73","20006.67"
"2018/12/25","19155.74","19785.43","19785.43","19117.96"
"2018/12/26","19327.06","19302.59","19530.35","18948.58"
"2018/12/27","20077.62","19706.19","20211.57","19701.76"
"2018/12/28","20014.77","19957.88","20084.38","19900.04"
"2019/01/04","19561.96","19655.13","19692.58","19241.37"
"2019/01/07","20038.97","19944.61","20266.22","19920.80"
"2019/01/08","20204.04","20224.67","20347.92","20106.36"
"2019/01/09","20427.06","20366.30","20494.35","20331.20"
"2019/01/10","20163.80","20270.88","20345.92","20101.93"
"2019/01/11","20359.70","20296.45","20389.89","20294.74"
"2019/01/15","20555.29","20264.82","20571.28","20204.43"
"2019/01/16","20442.75","20575.72","20580.25","20323.32"
"2019/01/17","20402.27","20544.23","20571.75","20342.46"
"2019/01/18","20666.07","20472.81","20682.12","20454.13"
"2019/01/21","20719.33","20848.38","20892.68","20678.26"
"2019/01/22","20622.91","20770.06","20805.93","20558.30"
"2019/01/23","20593.72","20453.44","20686.29","20438.22"
"2019/01/24","20574.63","20506.24","20620.72","20467.59"
"2019/01/25","20773.56","20598.64","20844.31","20598.64"
"2019/01/28","20649.00","20746.29","20759.48","20624.55"
"2019/01/29","20664.64","20555.44","20673.66","20406.22"
"2019/01/30","20556.54","20701.62","20706.27","20527.53"
"2019/01/31","20773.49","20832.91","20869.42","20682.91"
"2019/02/01","20788.39","20797.03","20929.63","20741.98"
"2019/02/04","20883.77","20831.90","20922.58","20823.68"
"2019/02/05","20844.45","20960.47","20981.23","20823.18"
"2019/02/06","20874.06","20928.87","20971.66","20860.99"
"2019/02/07","20751.28","20812.22","20844.77","20665.51"
"2019/02/08","20333.17","20510.50","20562.39","20315.31"
"2019/02/12","20864.21","20442.55","20885.88","20428.57"
"2019/02/13","21144.48","21029.93","21213.74","20992.88"
"2019/02/14","21139.71","21147.89","21235.62","21102.16"
"2019/02/15","20900.63","21051.51","21051.51","20853.33"
"2019/02/18","21281.85","21217.32","21306.36","21189.97"
"2019/02/19","21302.65","21256.58","21344.17","21217.16"
"2019/02/20","21431.49","21346.04","21494.85","21315.39"
"2019/02/21","21464.23","21422.31","21553.35","21318.74"
"2019/02/22","21425.51","21376.36","21451.23","21348.67"
"2019/02/25","21528.23","21567.66","21590.03","21505.07"
"2019/02/26","21449.39","21556.02","21610.88","21405.84"
"2019/02/27","21556.51","21504.61","21578.81","21492.65"
"2019/02/28","21385.16","21536.55","21536.55","21364.09"
"2019/03/01","21602.69","21490.02","21641.58","21490.02"
"2019/03/04","21822.04","21812.81","21860.39","21740.92"
"2019/03/05","21726.28","21712.80","21798.38","21659.04"
"2019/03/06","21596.81","21659.03","21684.60","21550.45"
"2019/03/07","21456.01","21456.88","21472.16","21402.12"
"2019/03/08","21025.56","21339.17","21359.32","20993.07"
"2019/03/11","21125.09","21062.75","21145.94","20938.00"
"2019/03/12","21503.69","21361.61","21568.48","21348.81"
"2019/03/13","21290.24","21425.77","21474.17","21198.99"
"2019/03/14","21287.02","21474.58","21522.75","21287.02"
"2019/03/15","21450.85","21376.73","21521.68","21374.85"
"2019/03/18","21584.50","21576.36","21612.67","21500.32"
"2019/03/19","21566.85","21558.43","21585.55","21425.79"
"2019/03/20","21608.92","21548.65","21614.17","21499.16"
"2019/03/22","21627.34","21713.26","21713.26","21542.03"
"2019/03/25","20977.11","21267.41","21275.43","20911.57"
"2019/03/26","21428.39","21174.34","21460.99","21174.34"
"2019/03/27","21378.73","21353.61","21388.59","21242.52"
"2019/03/28","21033.76","21191.32","21191.32","20974.19"
"2019/03/29","21205.81","21228.51","21267.25","21149.42"
"2019/04/01","21509.03","21500.89","21682.94","21471.12"
"2019/04/02","21505.31","21744.64","21744.64","21490.56"
"2019/04/03","21713.21","21563.64","21722.72","21489.95"
"2019/04/04","21724.95","21724.69","21787.60","21662.90"
"2019/04/05","21807.50","21743.14","21839.18","21731.34"
"2019/04/08","21761.65","21900.55","21900.55","21740.53"
"2019/04/09","21802.59","21750.29","21811.88","21698.42"
"2019/04/10","21687.57","21579.68","21687.57","21571.67"
"2019/04/11","21711.38","21662.65","21721.42","21627.87"
"2019/04/12","21870.56","21782.35","21878.78","21698.71"
"2019/04/15","22169.11","22122.97","22211.03","22102.93"
"2019/04/16","22221.66","22108.15","22261.33","22095.32"
"2019/04/17","22277.97","22236.41","22345.19","22185.87"
"2019/04/18","22090.12","22274.13","22305.63","22058.39"
"2019/04/19","22200.56","22238.07","22250.37","22162.23"
"2019/04/22","22217.90","22188.62","22280.19","22099.38"
"2019/04/23","22259.74","22241.74","22268.37","22119.94"
"2019/04/24","22200.00","22356.83","22362.92","22125.48"
"2019/04/25","22307.58","22183.32","22334.69","22155.23"
"2019/04/26","22258.73","22167.48","22270.29","22073.10"
"2019/05/07","21923.72","22184.40","22190.49","21875.11"
"2019/05/08","21602.59","21628.04","21639.12","21514.85"
"2019/05/09","21402.13","21492.91","21559.76","21315.07"
"2019/05/10","21344.92","21431.81","21584.09","21175.33"
"2019/05/13","21191.28","21180.74","21277.66","21127.93"
"2019/05/14","21067.23","20870.77","21077.48","20751.45"
"2019/05/15","21188.56","21112.85","21191.53","20968.08"
"2019/05/16","21062.98","21153.20","21153.20","20951.67"
"2019/05/17","21250.09","21246.86","21398.85","21199.98"
"2019/05/20","21301.73","21305.97","21430.06","21282.65"
"2019/05/21","21272.45","21211.26","21318.80","21160.43"
"2019/05/22","21283.37","21373.52","21404.54","21266.98"
"2019/05/23","21151.14","21180.24","21209.56","21072.72"
"2019/05/24","21117.22","20980.79","21117.22","20922.00"
"2019/05/27","21182.58","21148.46","21232.38","21113.76"
"2019/05/28","21260.14","21187.17","21297.70","21177.27"
"2019/05/29","21003.37","21055.42","21071.73","20884.61"
"2019/05/30","20942.53","20881.50","20942.53","20809.29"
"2019/05/31","20601.19","20785.21","20823.10","20581.58"
"2019/06/03","20410.88","20327.87","20438.03","20305.74"
"2019/06/04","20408.54","20435.86","20464.57","20289.64"
"2019/06/05","20776.10","20667.89","20800.64","20646.15"
"2019/06/06","20774.04","20745.84","20842.28","20745.84"
"2019/06/07","20884.71","20859.78","20907.77","20816.58"
"2019/06/10","21134.42","21095.40","21166.12","21077.95"
"2019/06/11","21204.28","21099.54","21227.18","21066.62"
"2019/06/12","21129.72","21130.39","21259.70","21118.75"
"2019/06/13","21032.00","21040.91","21111.23","20932.13"
"2019/06/14","21116.89","21049.41","21119.73","20971.18"
"2019/06/17","21124.00","21094.96","21185.25","21044.62"
"2019/06/18","20972.71","21111.77","21153.65","20924.19"
"2019/06/19","21333.87","21223.17","21358.72","21213.43"
"2019/06/20","21462.86","21417.74","21491.39","21377.27"
"2019/06/21","21258.64","21487.67","21497.82","21221.70"
"2019/06/24","21285.99","21223.56","21317.86","21185.67"
"2019/06/25","21193.81","21238.07","21313.77","21114.47"
"2019/06/26","21086.59","21067.68","21129.64","21035.84"
"2019/06/27","21338.17","21156.88","21338.17","21123.97"
"2019/06/28","21275.92","21282.22","21324.93","21199.85"
"2019/07/01","21729.97","21566.27","21758.34","21559.17"
"2019/07/02","21754.27","21699.43","21784.22","21697.31"
"2019/07/03","21638.16","21684.07","21708.72","21566.65"
"2019/07/04","21702.45","21740.93","21755.63","21672.50"
"2019/07/05","21746.38","21703.61","21746.38","21647.73"
"2019/07/08","21534.35","21665.79","21672.65","21499.57"
"2019/07/09","21565.15","21598.15","21687.29","21508.22"
"2019/07/10","21533.48","21499.46","21601.86","21488.22"
"2019/07/11","21643.53","21547.19","21649.93","21532.57"
"2019/07/12","21685.90","21720.14","21720.14","21589.83"
"2019/07/16","21535.25","21644.38","21655.52","21514.89"
"2019/07/17","21469.18","21474.63","21488.27","21380.55"
"2019/07/18","21046.24","21336.80","21347.84","20993.44"
"2019/07/19","21466.99","21146.50","21474.30","21121.90"
"2019/07/22","21416.79","21394.75","21445.03","21317.85"
"2019/07/23","21620.88","21425.44","21686.53","21411.93"
"2019/07/24","21709.57","21726.98","21744.88","21677.71"
"2019/07/25","21756.55","21715.95","21823.07","21715.69"
"2019/07/26","21658.15","21700.20","21709.74","21590.66"
"本資料は日経の著作物であり、本資料の全部又は一部を、いかなる形式によっても日経に無断で複写、複製、転載または流布することができません。"
